{
 "stats": {
  "qlcb_std": {
   "mean": 0.2623966151708737,
   "median": 0.14740028232336044,
   "p90": 0.55327490568161
  },
  "qlcb_mean": {
   "mean": -163.33503132343293,
   "median": -175.95159912109375,
   "p90": -133.75105895996094
  },
  "rank_medoid": {
   "mean": 17.02,
   "median": 16.5,
   "p90": 26.099999999999994
  },
  "agree": {
   "mean": 0.0,
   "median": 0.0,
   "p90": 0.0
  },
  "d2_argmax_to_rest": {
   "mean": 6.071798257231713,
   "median": 5.286219835281372,
   "p90": 10.47030153274536
  },
  "d2_medoid_to_rest": {
   "mean": 2.995902581810951,
   "median": 2.83678138256073,
   "p90": 4.368578386306762
  },
  "d2_argmax_vs_medoid": {
   "mean": 4.384884815812111,
   "median": 3.4728564023971558,
   "p90": 8.16292209625244
  },
  "d2_mean_offdiag": {
   "mean": 4.607317521572113,
   "median": 4.310955286026001,
   "p90": 6.661161661148071
  },
  "n_states": 200,
  "rank_medoid_hist_1_2_4_8_16_32": [
   0,
   1,
   3,
   17,
   100,
   200
  ]
 },
 "argmax_qlcb": {
  "final": {
   "0": 0.0,
   "1": 0.0,
   "2": 0.0,
   "3": 0.0,
   "4": 0.0,
   "5": 0.0,
   "6": 0.0,
   "7": 0.0,
   "8": 0.0,
   "9": 0.0,
   "10": 0.0,
   "11": 0.0,
   "12": 0.0,
   "13": 0.0,
   "14": 0.0
  },
  "max": {
   "0": 0.0,
   "1": 0.0,
   "2": 0.0,
   "3": 0.0,
   "4": 0.0,
   "5": 0.0,
   "6": 0.0,
   "7": 0.0,
   "8": 0.0,
   "9": 0.0,
   "10": 0.0,
   "11": 0.0,
   "12": 0.0,
   "13": 0.0,
   "14": 0.0
  },
  "len": {
   "0": 2000,
   "1": 2000,
   "2": 2000,
   "3": 2000,
   "4": 2000,
   "5": 2000,
   "6": 2000,
   "7": 2000,
   "8": 2000,
   "9": 2000,
   "10": 2000,
   "11": 2000,
   "12": 2000,
   "13": 2000,
   "14": 2000
  }
 },
 "medoid": {
  "final": {
   "0": 0.0,
   "1": 0.0,
   "2": 0.0,
   "3": 0.0,
   "4": 0.0,
   "5": 0.0,
   "6": 0.0,
   "7": 0.0,
   "8": 0.0,
   "9": 0.0,
   "10": 0.0,
   "11": 0.0,
   "12": 0.0,
   "13": 0.0,
   "14": 1.0
  },
  "max": {
   "0": 0.0,
   "1": 0.0,
   "2": 0.0,
   "3": 0.0,
   "4": 0.0,
   "5": 0.0,
   "6": 0.0,
   "7": 0.0,
   "8": 0.0,
   "9": 0.0,
   "10": 0.0,
   "11": 0.0,
   "12": 0.0,
   "13": 0.0,
   "14": 1.0
  },
  "len": {
   "0": 2000,
   "1": 2000,
   "2": 2000,
   "3": 2000,
   "4": 2000,
   "5": 2000,
   "6": 2000,
   "7": 2000,
   "8": 2000,
   "9": 2000,
   "10": 2000,
   "11": 2000,
   "12": 2000,
   "13": 2000,
   "14": 1243
  }
 },
 "single_sample": {
  "final": {
   "0": 0.0,
   "1": 0.0,
   "2": 0.0,
   "3": 0.0,
   "4": 0.0,
   "5": 0.0,
   "6": 0.0,
   "7": 0.0,
   "8": 0.0,
   "9": 0.0
  },
  "max": {
   "0": 0.0,
   "1": 0.0,
   "2": 0.0,
   "3": 0.0,
   "4": 0.0,
   "5": 0.0,
   "6": 0.0,
   "7": 0.0,
   "8": 0.0,
   "9": 0.0
  },
  "len": {
   "0": 2000,
   "1": 2000,
   "2": 2000,
   "3": 2000,
   "4": 2000,
   "5": 2000,
   "6": 2000,
   "7": 2000,
   "8": 2000,
   "9": 2000
  }
 }
}